<?xml version="1.0" encoding="UTF-8"?>
<mule xmlns:cors="http://www.mulesoft.org/schema/mule/cors"
	
	xmlns:tracking="http://www.mulesoft.org/schema/mule/ee/tracking" xmlns:dw="http://www.mulesoft.org/schema/mule/ee/dw" xmlns:doc="http://www.mulesoft.org/schema/mule/documentation" xmlns="http://www.mulesoft.org/schema/mule/core" xmlns:apikit="http://www.mulesoft.org/schema/mule/apikit" xmlns:http="http://www.mulesoft.org/schema/mule/http" xmlns:spring="http://www.springframework.org/schema/beans" xmlns:xsi="http://www.w3.org/2001/XMLSchema-instance" xsi:schemaLocation="http://www.mulesoft.org/schema/mule/cors http://www.mulesoft.org/schema/mule/cors/current/mule-cors.xsd
http://www.mulesoft.org/schema/mule/core http://www.mulesoft.org/schema/mule/core/current/mule.xsd
http://www.mulesoft.org/schema/mule/http http://www.mulesoft.org/schema/mule/http/current/mule-http.xsd
http://www.mulesoft.org/schema/mule/apikit http://www.mulesoft.org/schema/mule/apikit/current/mule-apikit.xsd
http://www.springframework.org/schema/beans http://www.springframework.org/schema/beans/spring-beans-3.1.xsd
http://www.mulesoft.org/schema/mule/ee/dw http://www.mulesoft.org/schema/mule/ee/dw/current/dw.xsd
http://www.mulesoft.org/schema/mule/ee/tracking http://www.mulesoft.org/schema/mule/ee/tracking/current/mule-tracking-ee.xsd">
    <http:listener-config name="ms3-contact-service-httpListenerConfig" host="0.0.0.0" port="8081" doc:name="HTTP Listener Configuration"/>
    <apikit:config name="ms3-contact-service-config" raml="ms3-contact-service.raml" consoleEnabled="false" doc:name="Router"/>
    
    

<cors:config name="Cors_Configuration" doc:name="Cors Configuration">
        <cors:origins>
            <cors:origin url="*" accessControlMaxAge="30">
                <cors:methods>
                    <cors:method>GET</cors:method>
                    <cors:method>DELETE</cors:method>
                    <cors:method>PUT</cors:method>
                    <cors:method>PATCH</cors:method>
                    <cors:method>POST</cors:method>
                    <cors:method>OPTIONS</cors:method>
                </cors:methods>
                <cors:headers>
                    <cors:header>X-Allow-Origin</cors:header>
                    <cors:header>Accept</cors:header>
                    <cors:header>Content-Type</cors:header>
                </cors:headers>
            </cors:origin>
        </cors:origins>

</cors:config>


    <flow name="ms3-contact-service-main">
        <http:listener config-ref="ms3-contact-service-httpListenerConfig" path="/api/*" doc:name="HTTP"/>
        <cors:validate config-ref="Cors_Configuration" publicResource="false" acceptsCredentials="false" doc:name="CORS Validate"/>
        <dw:transform-message doc:name="Store payload  as variable">
            <dw:set-variable variableName="requestPayload"><![CDATA[%dw 1.0
%output application/java
---
payload]]></dw:set-variable>
        </dw:transform-message>
        <set-variable variableName="requestParams" value="#[message.inboundProperties['http.query.params']]" doc:name="Variable - requestParams"/>
        <apikit:router config-ref="ms3-contact-service-config" doc:name="APIkit Router"/>
        <exception-strategy ref="ms3-contact-service-apiKitGlobalExceptionMapping" doc:name="Reference Exception Strategy"/>
    </flow>
    <flow name="ms3-contact-service-console">
        <http:listener config-ref="ms3-contact-service-httpListenerConfig" path="/console/*" doc:name="HTTP"/>
        <apikit:console config-ref="ms3-contact-service-config" doc:name="APIkit Console"/>
    </flow>
    <flow name="delete:/contact/identification/{id}:ms3-contact-service-config">
        <flow-ref name="impl-delete-identification" doc:name="impl-delete-identification"/>

    </flow>
    <flow name="delete:/contact/communication/{id}:ms3-contact-service-config">
        <flow-ref name="impl-delete-communication" doc:name="impl-delete-communication"/>

    </flow>
    <flow name="delete:/contact/address/{id}:ms3-contact-service-config">
        <flow-ref name="impl-delete-address" doc:name="impl-delete-address"/>

    </flow>
    <flow name="patch:/contact/address/{id}:application/json:ms3-contact-service-config">
        <flow-ref name="impl-patch-address" doc:name="impl-patch-address"/>

    </flow>
    <flow name="patch:/contact/identification/{id}:application/json:ms3-contact-service-config">
        <flow-ref name="impl-patch-identification" doc:name="impl-patch-identification"/>

    </flow>
    <flow name="patch:/contact/communication/{id}:application/json:ms3-contact-service-config">
        <flow-ref name="impl-patch-communication" doc:name="impl-patch-communication"/>

    </flow>
    <flow name="get:/contact/address:ms3-contact-service-config">
        <flow-ref name="impl-get-address" doc:name="impl-get-address"/>

    </flow>
    <flow name="get:/contact/communication:ms3-contact-service-config">
        <flow-ref name="impl-get-communication" doc:name="impl-get-communication"/>

    </flow>
    <flow name="get:/contact/identification:ms3-contact-service-config">
        <flow-ref name="impl-get-identification" doc:name="impl-get-identification"/>

    </flow>
    <flow name="post:/contact/address:application/json:ms3-contact-service-config">
        <flow-ref name="impl-post-address" doc:name="impl-post-address"/>

    </flow>
    <flow name="post:/contact/communication:application/json:ms3-contact-service-config">
        <flow-ref name="impl-post-communication" doc:name="impl-post-communication"/>

    </flow>
    <flow name="post:/contact/identification:application/json:ms3-contact-service-config">
        <flow-ref name="impl-post-identification" doc:name="impl-post-identification"/>

    </flow>

    <apikit:mapping-exception-strategy name="ms3-contact-service-apiKitGlobalExceptionMapping">
        <apikit:mapping statusCode="404">
            <apikit:exception value="org.mule.module.apikit.exception.NotFoundException" />
            <set-property propertyName="Content-Type" value="application/json" doc:name="Property"/>
            <set-payload value="{ &quot;message&quot;: &quot;Resource not found&quot; }" doc:name="Set Payload"/>
        </apikit:mapping>
        <apikit:mapping statusCode="405">
            <apikit:exception value="org.mule.module.apikit.exception.MethodNotAllowedException" />
            <set-property propertyName="Content-Type" value="application/json" doc:name="Property"/>
            <set-payload value="{ &quot;message&quot;: &quot;Method not allowed&quot; }" doc:name="Set Payload"/>
        </apikit:mapping>
        <apikit:mapping statusCode="415">
            <apikit:exception value="org.mule.module.apikit.exception.UnsupportedMediaTypeException" />
            <set-property propertyName="Content-Type" value="application/json" doc:name="Property"/>
            <set-payload value="{ &quot;message&quot;: &quot;Unsupported media type&quot; }" doc:name="Set Payload"/>
        </apikit:mapping>
        <apikit:mapping statusCode="406">
            <apikit:exception value="org.mule.module.apikit.exception.NotAcceptableException" />
            <set-property propertyName="Content-Type" value="application/json" doc:name="Property"/>
            <set-payload value="{ &quot;message&quot;: &quot;Not acceptable&quot; }" doc:name="Set Payload"/>
        </apikit:mapping>
        <apikit:mapping statusCode="400">
            <apikit:exception value="org.mule.module.apikit.exception.BadRequestException" />
            <set-property propertyName="Content-Type" value="application/json" doc:name="Property"/>
            <set-payload value="{ &quot;message&quot;: &quot;Bad request&quot; }" doc:name="Set Payload"/>
        </apikit:mapping>
    </apikit:mapping-exception-strategy>
</mule>
