<?xml version="1.0" encoding="UTF-8"?>

<mule xmlns:dw="http://www.mulesoft.org/schema/mule/ee/dw" xmlns="http://www.mulesoft.org/schema/mule/core" xmlns:doc="http://www.mulesoft.org/schema/mule/documentation"
	xmlns:spring="http://www.springframework.org/schema/beans" 
	xmlns:xsi="http://www.w3.org/2001/XMLSchema-instance"
	xsi:schemaLocation="http://www.springframework.org/schema/beans http://www.springframework.org/schema/beans/spring-beans-current.xsd
http://www.mulesoft.org/schema/mule/core http://www.mulesoft.org/schema/mule/core/current/mule.xsd
http://www.mulesoft.org/schema/mule/ee/dw http://www.mulesoft.org/schema/mule/ee/dw/current/dw.xsd">

	
     <configuration doc:name="Configuration">
         <expression-language>
             <global-functions>
                 def escapeParam(str) {
                 	if(str == null) {
                 	return str
                 	} else {
                     return str.replaceAll("\\'","\\'\\'")
                     }
                 }
             </global-functions>
         </expression-language>
     </configuration>

   <sub-flow name="common-existing-record-found">
        <message-properties-transformer doc:name="Message Properties">
            <add-message-property key="Content-Type" value="application/json"/>
            <add-message-property key="http.status" value="406"/>
        </message-properties-transformer>
        <dw:transform-message doc:name="Transform Message">
            <dw:set-payload><![CDATA[%dw 1.0
%output application/json
---
{
	errorMessage : flowVars.errorMsg
}]]></dw:set-payload>
        </dw:transform-message>
    </sub-flow>
    
    
    <sub-flow name="common-no-record-found">
        <message-properties-transformer doc:name="Message Properties">
            <add-message-property key="Content-Type" value="application/json"/>
            <add-message-property key="http.status" value="404"/>
        </message-properties-transformer>
        <dw:transform-message doc:name="Transform Message">
            <dw:set-payload><![CDATA[%dw 1.0
%output application/json
---
{
	errorMessage: flowVars.errorMsg 
}]]></dw:set-payload>
        </dw:transform-message>
    </sub-flow>
    
    
    <sub-flow name="common-precondition-failed">
        <message-properties-transformer doc:name="Message Properties">
            <add-message-property key="Content-Type" value="application/json"/>
            <add-message-property key="http.status" value="412"/>
        </message-properties-transformer>
        <dw:transform-message doc:name="Transform Message">
            <dw:set-payload><![CDATA[%dw 1.0
%output application/json
---
{
	errorMessage: flowVars.errorMsg 
}]]></dw:set-payload>
        </dw:transform-message>
    </sub-flow>


  
    <sub-flow name="common-post-success">
        <message-properties-transformer doc:name="Message Properties">
            <add-message-property key="Content-Type" value="application/json"/>
            <add-message-property key="http.status" value="201"/>
        </message-properties-transformer>
        <dw:transform-message doc:name="Transform Message">
            <dw:set-payload><![CDATA[%dw 1.0
%output application/json
---
{
	message: "Record has been saved",
	id : flowVars.generatedId 
}]]></dw:set-payload>
        </dw:transform-message>
    </sub-flow>



  
    <sub-flow name="common-put-success">
        <message-properties-transformer doc:name="Message Properties">
            <add-message-property key="Content-Type" value="application/json"/>
            <add-message-property key="http.status" value="200"/>
        </message-properties-transformer>
        <dw:transform-message doc:name="Transform Message">
            <dw:set-payload><![CDATA[%dw 1.0
%output application/json
---
{
	message: "Record has been saved",
	id : flowVars.generatedId 
}]]></dw:set-payload>
        </dw:transform-message>
    </sub-flow>

</mule>
