<?xml version="1.0" encoding="UTF-8"?>

<mule xmlns:db="http://www.mulesoft.org/schema/mule/db" xmlns="http://www.mulesoft.org/schema/mule/core" xmlns:doc="http://www.mulesoft.org/schema/mule/documentation"
	xmlns:spring="http://www.springframework.org/schema/beans" 
	xmlns:xsi="http://www.w3.org/2001/XMLSchema-instance"
	xsi:schemaLocation="http://www.springframework.org/schema/beans http://www.springframework.org/schema/beans/spring-beans-current.xsd
http://www.mulesoft.org/schema/mule/core http://www.mulesoft.org/schema/mule/core/current/mule.xsd
http://www.mulesoft.org/schema/mule/db http://www.mulesoft.org/schema/mule/db/current/mule-db.xsd">
    <db:mysql-config name="MySQL_Configuration" host="${db.hostname}" port="${db.port}" user="${db.username}" password="${db.password}" database="${db.database}" doc:name="MySQL Configuration"/>
   
    <sub-flow name="db-contact-INSERT-identification">
        <db:insert config-ref="MySQL_Configuration" autoGeneratedKeys="true" doc:name="Database - insert identification">
            <db:parameterized-query><![CDATA[INSERT INTO identification 
	(first_name, last_name, dob, gender, title)
VALUES 
	(
	#[flowVars.params.firstName], 
	#[flowVars.params.lastName], 
	#[flowVars.params.dob], 
	#[flowVars.params.gender], 
	#[flowVars.params.title]
    )]]></db:parameterized-query>
        </db:insert>
    </sub-flow>
    
    
    <sub-flow name="db-contact-INSERT-address">
        <db:insert config-ref="MySQL_Configuration" autoGeneratedKeys="true" doc:name="Database - insert address">
            <db:parameterized-query><![CDATA[INSERT INTO address 
	(contact_id, type, number, street, unit, city, state, zipcode)
VALUES 
	(
	#[flowVars.params.contactId], 
	#[flowVars.params.type], 
	#[flowVars.params.number], 
	#[flowVars.params.street], 
	#[flowVars.params.unit], 
	#[flowVars.params.city],
	#[flowVars.params.state],
	#[flowVars.params.zipcode]
    )]]></db:parameterized-query>
        </db:insert>
    </sub-flow>
    
    
    <sub-flow name="db-contact-INSERT-communication">
        <db:insert config-ref="MySQL_Configuration" autoGeneratedKeys="true" doc:name="Database - insert address">
            <db:parameterized-query><![CDATA[INSERT INTO communication 
	(contact_id, type, value, preferred)
VALUES 
	(
	#[flowVars.params.contactId], 
	#[flowVars.params.type], 
	#[flowVars.params.value], 
	#[flowVars.params.preferred]
    )]]></db:parameterized-query>
        </db:insert>
    </sub-flow>
    
    
    <sub-flow name="db-contact-SELECT-generic">
        <db:select config-ref="MySQL_Configuration" doc:name="Database - Dynamic Select Query">
            <db:dynamic-query><![CDATA[#[flowVars.dynamicQuery]]]></db:dynamic-query>
        </db:select>
    </sub-flow>

    
    <sub-flow name="db-contact-UPDATE-generic">
        <db:update config-ref="MySQL_Configuration" doc:name="Database - Dynamic Update Query">
            <db:dynamic-query><![CDATA[#[flowVars.dynamicQuery]]]></db:dynamic-query>
        </db:update>
    </sub-flow>

</mule>
